"","Player","Salary","Guaranteed","Pos","Age","G","GS","MP","PTS","AST","FG","FGA","ORB","DRB","TRB","STL","BLK","TOV"
"1","Aaron Gordon",16409091,80207637,"PF",25,50,50,27.7,12.4,3.2,4.6,10,1.5,4.1,5.7,0.7,0.7,1.9
"2","Aaron Holiday",3980551,3980551,"PG",24,66,8,17.8,7.2,1.9,2.6,6.6,0.2,1.1,1.3,0.7,0.2,1
"3","Aaron Nesmith",3631200,7435560,"SF",21,46,1,14.5,4.7,0.5,1.7,3.9,0.6,2.2,2.8,0.3,0.2,0.5
"4","Abdel Nader",2e+06,2e+06,"SF",27,24,0,14.8,6.7,0.8,2.4,4.8,0.3,2.3,2.6,0.4,0.4,0.8
"5","Al Horford",2.7e+07,41500000,"C",34,28,28,27.9,14.2,3.4,5.8,12.9,1,5.7,6.7,0.9,0.9,1
"6","Alec Burks",9536000,19548800,"SG",29,49,5,25.6,12.7,2.2,4.3,10.2,0.4,4.2,4.6,0.6,0.3,1
"7","Aleksej Pokusevski",3113160,6374640,"PF",19,45,28,24.2,8.2,2.2,3.1,9.1,0.7,4,4.7,0.4,0.9,2.2
"8","Alex Caruso",8604651,3.7e+07,"PG",26,58,6,21,6.4,2.8,2.3,5.3,0.5,2.4,2.9,1.1,0.3,1.3
"9","Alex Len",3731707,7650000,"C",27,64,42,15.3,6.6,0.8,2.7,4.3,1.2,2.8,4.1,0.3,1,0.9
"10","Alfonzo McKinnie",1090007,1292183,"SF",28,39,0,6.6,3.1,0.2,1.2,2.4,0.6,0.8,1.4,0.2,0,0.1
"11","Alize Johnson",705598,705598,"PF",24,18,0,10.5,5.2,0.8,2.2,3.8,1.5,3.5,5,0.3,0.3,0.5
"12","Andre Drummond",2401537,2401537,"C",27,46,46,27,14.9,2,6.1,12.4,3.6,8.4,12,1.4,1.1,2.7
"13","Andre Iguodala",2641691,2641691,"SF",37,63,5,21.3,4.4,2.3,1.5,3.9,0.6,2.9,3.5,0.9,0.6,1.1
"14","Anfernee Simons",3938818,3938818,"SG",21,64,0,17.3,7.8,1.4,2.6,6.3,0.2,2,2.2,0.3,0.1,0.7
"15","Anthony Davis",35361360,113942160,"PF",27,36,36,32.3,21.8,3.1,8.4,17,1.7,6.2,7.9,1.3,1.6,2.1
"16","Anthony Edwards",10245480,20978880,"SG",19,72,55,32.1,19.3,2.9,7,16.8,0.8,3.8,4.7,1.1,0.5,2.2
"17","Anthony Gill",1517981,NA,"PF",28,26,4,8.4,3.1,0.4,1.2,2.3,0.6,1.3,2,0.4,0.2,0.3
"18","Armoni Brooks",1625991,1489065,"SG",22,20,5,26,11.2,1.5,3.9,9.6,0.5,2.9,3.4,0.6,0.3,1.1
"19","Austin Rivers",2401537,2401537,"SG",28,36,7,23.5,7.9,2.3,2.9,6.8,0.2,2.1,2.3,0.8,0.1,1
"20","Avery Bradley",2641691,NA,"SG",30,27,6,22.3,6.4,1.7,2.4,6.3,0.3,1.8,2.1,0.8,0.1,1
"21","Bam Adebayo",28103550,163000590,"C",23,64,64,33.5,18.7,5.4,7.1,12.5,2.2,6.7,9,1.2,1,2.6
"22","Ben McLemore",2389641,2389641,"SG",27,53,5,17.1,7.7,0.7,2.5,6.9,0.3,1.6,1.9,0.4,0.2,0.8
"23","Ben Simmons",31590000,140400000,"PG",24,58,58,32.4,14.3,6.9,5.6,10.1,1.6,5.6,7.2,1.6,0.6,3
"24","Bismack Biyombo",1366392,1518213,"C",28,66,36,20.4,5,1.2,2.2,3.7,2.1,3.2,5.3,0.3,1.1,1.1
"25","Blake Griffin",32405817,29764126,"PF",31,46,30,25.8,11,3,3.8,8.9,0.8,4.1,4.9,0.7,0.3,1.3
"26","Blake Griffin",32405817,2641691,"PF",31,46,30,25.8,11,3,3.8,8.9,0.8,4.1,4.9,0.7,0.3,1.3
"27","Bobby Portis",4347600,4347600,"C",25,66,7,20.8,11.4,1.1,4.7,9.1,1.9,5.2,7.1,0.8,0.4,0.8
"28","Bol Bol",2161152,2161152,"PF",21,32,2,5,2.2,0.2,0.8,1.8,0,0.8,0.8,0.1,0.3,0.4
"29","Bradley Beal",34502130,34502130,"SG",27,60,60,35.8,31.3,4.4,11.2,23,1.2,3.5,4.7,1.2,0.4,3.1
"30","Brandon Clarke",2726880,7070800,"PF",24,59,16,24,10.3,1.6,4.3,8.4,1.6,3.9,5.6,1,0.9,0.6
"31","Brandon Ingram",29467800,130968000,"SF",23,61,61,34.3,23.8,4.9,8.4,18,0.6,4.3,4.9,0.7,0.6,2.5
"32","Brook Lopez",13302325,27209301,"C",32,70,70,27.2,12.3,0.7,4.6,9.1,1.5,3.5,5,0.6,1.5,0.9
"33","Bruce Brown",4736102,4736102,"PG",24,65,37,22.3,8.8,1.6,3.6,6.5,1.7,3.7,5.4,0.9,0.4,0.8
"34","Bruno Fernando",1782621,1782621,"C",22,33,0,6.8,1.5,0.3,0.5,1.3,0.5,1.9,2.4,0.1,0.1,0.6
"35","Buddy Hield",22477273,61568182,"SG",28,71,71,34.3,16.6,3.6,5.7,14,0.4,4.3,4.7,0.9,0.4,1.8
"36","Caleb Martin",527614,527614,"SF",25,53,3,15.4,5,1.3,1.8,4.8,0.6,2.1,2.7,0.7,0.2,0.6
"37","Cam Reddish",4670160,10624614,"SF",21,26,21,28.8,11.2,1.3,3.7,10.1,0.8,3.2,4,1.3,0.3,1.3
"38","Cameron Johnson",4437000,10324899,"PF",24,60,11,24,9.6,1.4,3.4,8.1,0.6,2.8,3.3,0.6,0.3,0.7
"39","Cameron Payne",6500000,14500000,"PG",26,60,1,18,8.4,3.6,3.2,6.6,0.3,2.1,2.4,0.6,0.3,1
"40","Caris LeVert",17500000,36296296,"SG",26,47,39,31.6,20.2,5.2,7.6,17.3,0.7,3.9,4.6,1.4,0.6,2.2
"41","Carmelo Anthony",2641691,2641691,"PF",36,69,3,24.5,13.4,1.5,4.7,11.3,0.5,2.6,3.1,0.7,0.6,0.9
"42","Carsen Edwards",76744,1782621,"SG",22,31,1,8.9,4,0.5,1.5,3.6,0.1,0.7,0.8,0.2,0,0.2
"43","Cedi Osman",8050000,15400000,"SF",25,59,26,25.6,10.4,2.9,3.7,9.9,0.6,2.8,3.4,0.9,0.2,1.4
"44","Chimezie Metu",1762796,NA,"C",23,36,6,13.6,6.3,0.8,2.5,5,0.9,2.3,3.1,0.4,0.5,0.8
"45","Chris Boucher",7009615,7009615,"C",28,60,14,24.2,13.6,1.1,4.8,9.3,2,4.8,6.7,0.6,1.9,0.8
"46","Chris Paul",30800000,7.5e+07,"PG",35,70,70,31.4,16.4,8.9,6.3,12.6,0.4,4.1,4.5,1.4,0.3,2.2
"47","Chuma Okeke",3277080,6710400,"PF",22,45,19,25.2,7.8,2.2,3,7.2,0.9,3.1,4,1.1,0.5,0.8
"48","CJ Elleby",1517981,1517981,"SF",20,30,0,6.4,2.3,0.3,0.8,2.2,0.4,0.7,1.1,0.2,0.1,0.2
"49","CJ McCollum",30864198,1e+08,"SG",29,47,47,34,23.1,4.7,8.6,18.8,0.6,3.3,3.9,0.9,0.4,1.4
"50","Clint Capela",17103448,78191625,"C",26,63,63,30.1,15.2,0.8,6.6,11,4.7,9.6,14.3,0.7,2,1.2
"51","Cody Martin",1782621,1782621,"SF",25,52,10,16.3,4,1.7,1.6,3.6,1,2.1,3.1,0.7,0.2,0.8
"52","Cole Anthony",3449400,7063080,"PG",20,47,34,27.1,12.9,4.1,4.7,11.7,0.8,3.9,4.7,0.6,0.4,2.3
"53","Collin Sexton",6349671,6349671,"SG",22,60,60,35.3,24.3,4.4,8.8,18.4,1,2.2,3.1,1,0.2,2.8
"54","Cory Joseph",7310000,7310000,"PG",29,63,13,23,8.2,3.4,3.2,6.8,0.6,2,2.5,1,0.3,1.3
"55","Cory Joseph",7310000,7310000,"PG",29,63,13,23,8.2,3.4,3.2,6.8,0.6,2,2.5,1,0.3,1.3
"56","D'Angelo Russell",30013500,61391250,"PG",24,42,26,28.5,19,5.8,6.7,15.5,0.4,2.3,2.6,1.1,0.4,2.7
"57","D.J. Augustin",7622467,622467,"PG",33,57,12,19.8,7.7,3.3,2.4,6,0.4,1.3,1.6,0.5,0,1.1
"58","D.J. Augustin",7622467,7333333,"PG",33,57,12,19.8,7.7,3.3,2.4,6,0.4,1.3,1.6,0.5,0,1.1
"59","Damian Jones",1977011,NA,"C",25,39,10,14,4.7,0.7,1.8,2.6,0.9,2.2,3.1,0.3,0.7,0.7
"60","Damian Lillard",39344900,176265152,"PG",30,67,67,35.8,28.8,7.5,9,19.9,0.5,3.7,4.2,0.9,0.3,3
"61","Damion Lee",1910860,NA,"SG",28,57,1,18.9,6.5,1.3,2.2,4.8,0.4,2.8,3.2,0.7,0.1,0.5
"62","Daniel Gafford",1782621,43895782,"PF-C",22,54,11,14.6,7,0.5,2.9,4.2,1.7,2.5,4.3,0.5,1.4,0.8
"63","Daniel Theis",8372093,3.6e+07,"C",28,65,51,24.6,9.6,1.7,3.9,7.2,1.4,4,5.5,0.6,0.9,1
"64","Danilo Gallinari",20475000,25475000,"PF",32,51,4,24,13.3,1.5,4,9.3,0.3,3.8,4.1,0.6,0.2,0.8
"65","Danny Green",1e+07,1e+07,"SF",33,69,69,28,9.5,1.7,3.2,7.9,0.8,3,3.8,1.3,0.8,1
"66","Danuel House Jr.",2045094,991967,"SF",27,36,23,25.9,8.8,1.9,3.1,7.6,0.5,3.2,3.7,0.6,0.4,1
"67","Danuel House Jr.",2045094,1387498,"SF",27,36,23,25.9,8.8,1.9,3.1,7.6,0.5,3.2,3.7,0.6,0.4,1
"68","Darius Bazley",2513040,6777669,"PF",20,55,55,31.2,13.7,1.8,5,12.5,0.9,6.3,7.2,0.5,0.5,2.2
"69","Darius Garland",7040880,15961675,"PG",21,54,50,33.1,17.4,6.1,6.7,14.9,0.4,2,2.4,1.2,0.1,3
"70","David Nwaba",4650000,9672000,"SF",28,30,9,22.6,9.2,1,3.5,7.3,1.3,2.6,3.9,1,0.7,0.6
"71","De'Aaron Fox",28103550,163000590,"PG",23,58,58,35.1,25.2,7.2,9.1,19.1,0.6,2.9,3.5,1.5,0.5,3
"72","De'Andre Hunter",7775400,17611281,"SF",23,23,19,29.5,15,1.9,5.2,10.8,0.7,4,4.8,0.8,0.5,1.3
"73","De'Anthony Melton",8437500,27187500,"PG",22,52,1,20.1,9.1,2.5,3.3,7.6,0.6,2.5,3.1,1.2,0.6,1.3
"74","DeAndre' Bembry",2541217,1939350,"SF",26,51,12,19.1,5.7,2.1,2.3,4.5,0.6,2.2,2.9,1,0.4,1.4
"75","DeAndre' Bembry",2541217,601867,"SF",26,51,12,19.1,5.7,2.1,2.3,4.5,0.6,2.2,2.9,1,0.4,1.4
"76","Deandre Ayton",12632950,12632950,"C",22,69,69,30.7,14.4,1.4,6.2,10,3.3,7.2,10.5,0.6,1.2,1.5
"77","DeAndre Jordan",11109327,592103,"C",32,57,43,21.9,7.5,1.6,3.3,4.4,2.1,5.4,7.5,0.3,1.1,1.5
"78","DeAndre Jordan",11109327,15703440,"C",32,57,43,21.9,7.5,1.6,3.3,4.4,2.1,5.4,7.5,0.3,1.1,1.5
"79","DeAndre Jordan",11109327,2641691,"C",32,57,43,21.9,7.5,1.6,3.3,4.4,2.1,5.4,7.5,0.3,1.1,1.5
"80","Dejounte Murray",15428571,49714286,"PG",24,67,67,31.9,15.7,5.4,6.6,14.5,0.9,6.2,7.1,1.5,0.1,1.7
"81","DeMar DeRozan",2.6e+07,81900000,"PF",31,61,61,33.7,21.6,6.9,7.5,15.1,0.7,3.6,4.2,0.9,0.2,2
"82","DeMarcus Cousins",1290481,607285,"C",30,41,11,17.4,8.9,1.9,3.2,7.4,1.3,5.1,6.4,0.8,0.6,1.6
"83","DeMarcus Cousins",1290481,1138659,"C",30,41,11,17.4,8.9,1.9,3.2,7.4,1.3,5.1,6.4,0.8,0.6,1.6
"84","Deni Avdija",4692840,9609000,"SF",20,54,32,23.3,6.3,1.2,2.4,5.8,0.4,4.4,4.9,0.6,0.3,0.6
"85","Dennis Smith Jr.",1789256,1789256,"PG",23,23,9,18.3,6.7,3.3,2.5,6.3,0.5,1.9,2.4,1,0.6,1.1
"86","Derrick Favors",9720900,9720900,"C",29,68,0,15.3,5.4,0.6,2.3,3.6,2,3.5,5.5,0.5,1,0.5
"87","Derrick Jones Jr.",9720900,9720900,"SF",23,58,43,22.7,6.8,0.8,2.5,5.2,1.3,2.2,3.5,0.6,0.9,0.6
"88","Derrick Rose",13445120,27965850,"PG",32,50,3,25.6,14.7,4.2,5.7,12.2,0.4,2.2,2.6,1,0.4,1.6
"89","Desmond Bane",2033160,4163400,"SG",22,68,17,22.3,9.2,1.7,3.4,7.3,0.5,2.6,3.1,0.6,0.2,0.9
"90","Devin Booker",31610000,101370000,"SG",24,67,67,33.9,25.6,4.3,9.3,19.2,0.5,3.7,4.2,0.8,0.2,3.1
"91","Devontae Cacok",364533,364533,"PF",24,20,1,4.9,2,0.1,0.9,1.5,0.6,1,1.6,0.3,0.2,0.3
"92","Devonte' Graham",1.1e+07,37500000,"PG",25,55,44,30.2,14.8,5.4,4.6,12.2,0.4,2.3,2.7,0.9,0.1,1.5
"93","Dewayne Dedmon",5256308,2389641,"C",31,16,0,13.1,7.1,0.8,2.9,4.1,1.8,3.6,5.4,0.6,0.4,0.8
"94","Dewayne Dedmon",5256308,11466668,"C",31,16,0,13.1,7.1,0.8,2.9,4.1,1.8,3.6,5.4,0.6,0.4,0.8
"95","Didi Louzada",1786878,3663100,"SF",21,3,0,18.7,2.7,1,1,4.3,0.3,0.7,1,0.7,0,1
"96","Dillon Brooks",12200000,23600000,"SF",25,67,67,29.8,17.2,2.3,6.4,15.4,0.8,2.1,2.9,1.2,0.4,1.8
"97","Domantas Sabonis",18562500,59812500,"PF",24,62,62,36,20.3,6.7,7.8,14.6,2.4,9.5,12,1.2,0.5,3.4
"98","Donovan Mitchell",28103550,125903904,"PG",24,53,53,33.4,26.4,5.2,9,20.6,0.9,3.5,4.4,1,0.3,2.8
"99","Donte DiVincenzo",4675830,4675830,"SG",24,66,66,27.5,10.4,3.1,3.8,9.1,1.2,4.5,5.8,1.1,0.2,1.4
"100","Dorian Finney-Smith",4e+06,44182480,"PF",27,60,60,32,9.8,1.7,3.7,7.8,1.6,3.8,5.4,0.9,0.4,0.8
"101","Doug McDermott",13750000,41250000,"PF",29,66,29,24.5,13.6,1.3,5.4,10.1,0.9,2.4,3.3,0.3,0.1,0.8
"102","Draymond Green",24026712,49833181,"PF",30,63,63,31.5,7,8.9,2.7,6,0.9,6.3,7.1,1.7,0.8,3
"103","Drew Eubanks",1762796,1762796,"C",23,54,3,14,5.8,0.8,2.1,3.8,1.4,3.1,4.5,0.3,0.9,0.8
"104","Duncan Robinson",15560000,79910000,"SF",26,72,72,31.4,13.1,1.8,4.4,10,0.1,3.4,3.5,0.6,0.3,1.1
"105","Dwight Howard",2641691,2641691,"C",35,69,6,17.3,7,0.9,2.6,4.4,2.8,5.7,8.4,0.4,0.9,1.6
"106","Dwight Powell",1.1e+07,22814815,"C",29,58,19,16.7,5.9,1.1,2.1,3.3,1.4,2.7,4,0.6,0.5,0.7
"107","E'Twaun Moore",2641691,2641691,"SG",31,27,1,14.4,4.9,1.5,2,4.5,0.5,1.1,1.7,0.6,0.2,0.9
"108","Ed Davis",2641691,NA,"C",31,23,7,13,2.1,0.9,0.8,1.9,2,3,5,0.6,0.6,0.3
"109","Elfrid Payton",2239544,2239544,"PG",26,63,63,23.6,10.1,3.2,4.3,9.9,1,2.4,3.4,0.7,0.1,1.6
"110","Elijah Hughes",1517981,1517981,"SF",22,18,0,3.6,1.7,0.3,0.6,1.7,0.1,0.4,0.5,0.1,0.1,0.3
"111","Enes Freedom",2641691,2641691,"C",28,72,35,24.4,11.2,1.2,4.7,7.8,3.9,7.1,11,0.5,0.7,1.1
"112","Eric Bledsoe",18125000,22025000,"SG",31,71,70,29.7,12.2,3.8,4.3,10.3,0.4,3,3.4,0.8,0.3,1.6
"113","Eric Gordon",18218818,37787178,"SG",32,27,13,29.2,17.8,2.6,5.9,13.6,0.3,1.9,2.1,0.5,0.5,1.9
"114","Eric Paschall",1782621,1782621,"PF",24,40,2,17.4,9.5,1.3,3.7,7.5,0.7,2.5,3.2,0.3,0.2,1.1
"115","Evan Fournier",18139535,57139535,"SF-SG",28,42,36,30,17.1,3.4,5.9,12.9,0.2,2.8,3,1.1,0.5,1.7
"116","Facundo Campazzo",3804150,3804150,"PG",29,65,19,21.9,6.1,3.6,1.8,4.8,0.3,1.7,2.1,1.2,0.2,1.1
"117","Frank Jackson",3e+06,3e+06,"PG",22,40,6,18.5,9.8,0.9,3.4,7.3,0.4,1.8,2.2,0.4,0,0.9
"118","Frank Kaminsky",2089448,2089448,"C",27,47,13,15.2,6.6,1.7,2.6,5.5,0.8,3.2,4,0.3,0.4,0.5
"119","Frank Ntilikina",1789256,1789256,"PG",22,33,4,9.8,2.7,0.6,0.9,2.4,0.2,0.8,0.9,0.5,0.1,0.3
"120","Fred VanVleet",19675926,40925926,"SG",26,52,52,36.5,19.6,6.3,6.5,16.7,0.6,3.6,4.2,1.7,0.7,1.8
"121","Furkan Korkmaz",4629630,1.5e+07,"SG",23,55,11,19.3,9.1,1.5,3.1,7.7,0.3,1.7,2.1,0.9,0.2,0.8
"122","Gabriel Deck",1690507,1690507,"PF",25,10,0,21.2,8.4,2.4,3.2,6.7,1.6,2.4,4,0.8,0,0.6
"123","Garrett Temple",4910000,10065500,"SG",34,56,25,27.3,7.6,2.2,2.8,6.8,0.5,2.3,2.9,0.8,0.5,1
"124","Garrison Mathews",1093598,1093598,"SG",24,64,24,16.2,5.5,0.4,1.5,3.7,0.3,1.1,1.4,0.5,0.1,0.2
"125","Gary Clark",377645,377645,"PF-SF",26,39,11,16.8,3.1,0.8,1,3.4,0.8,2.1,2.9,0.3,0.2,0.4
"126","Gary Harris",20482143,20482143,"SG",26,39,38,27.7,9.9,2,3.5,8.8,0.5,1.5,2,0.7,0.3,0.9
"127","Gary Payton II",1939350,350000,"PG",28,10,0,4,2.5,0.1,1,1.3,0.2,0.9,1.1,0.6,0.1,0.1
"128","Gary Trent Jr.",1.6e+07,33280000,"SG",22,58,38,31.1,15.3,1.4,5.5,13.5,0.5,2.2,2.6,1,0.2,0.7
"129","George Hill",4e+06,8e+06,"PG",34,30,17,22.4,8.7,2.4,3.2,6.6,0.5,1.5,2,0.8,0.2,1
"130","George Hill",4e+06,1275491,"PG",34,30,17,22.4,8.7,2.4,3.2,6.6,0.5,1.5,2,0.8,0.2,1
"131","Georges Niang",3300000,6765000,"PF",27,72,10,16,6.9,0.8,2.5,5.6,0.4,2.1,2.4,0.3,0.1,0.7
"132","Giannis Antetokounmpo",39344970,176265466,"PF",26,61,61,33,28.1,5.9,10.3,18,1.6,9.4,11,1.2,1.2,3.4
"133","Goga Bitadze",3098400,7863739,"C",21,45,3,12.5,5.1,0.8,1.8,4.3,1.3,2,3.3,0.2,1.3,0.4
"134","Gordon Hayward",29900000,91500000,"SF",30,44,44,34,19.6,4.1,7.1,15,0.8,5,5.9,1.2,0.3,2.1
"135","Gorgui Dieng",4e+06,4e+06,"C",31,38,1,14.5,6.8,1.3,2.2,4.3,1.1,2.6,3.7,0.7,0.4,0.8
"136","Grayson Allen",4054695,24054695,"SG",25,50,38,25.2,10.6,2.2,3.5,8.3,0.4,2.8,3.2,0.9,0.2,1
"137","Hamidou Diallo",5200000,5200000,"SG-SF",22,52,9,23.6,11.6,1.9,4.3,9,1.1,4.1,5.2,0.8,0.5,1.5
"138","Harrison Barnes",20284091,38636364,"PF",28,58,58,36.2,16.1,3.5,5.5,11.1,1.1,5.5,6.6,0.7,0.2,1.6
"139","Immanuel Quickley",2210640,4526880,"PG",21,64,3,19.4,11.4,2,3.6,9.1,0.4,1.8,2.1,0.5,0.2,0.9
"140","Isaac Bonga",1729217,NA,"SF",21,40,8,10.8,2,0.6,0.8,2,0.5,1.2,1.7,0.3,0.2,0.6
"141","Isaac Okoro",6720720,13761600,"SG",20,67,67,32.4,9.6,1.9,3.5,8.3,1,2.1,3.1,0.9,0.4,1.3
"142","Isaiah Hartenstein",3430810,NA,"C",22,46,2,12.2,5.1,1.2,2,3.7,1.4,2.5,3.9,0.4,0.8,1
"143","Isaiah Hartenstein",3430810,NA,"C",22,46,2,12.2,5.1,1.2,2,3.7,1.4,2.5,3.9,0.4,0.8,1
"144","Isaiah Joe",1517981,1517981,"SG",21,41,1,9.3,3.7,0.5,1.2,3.2,0.1,0.7,0.9,0.3,0.1,0.3
"145","Isaiah Roby",1782621,NA,"PF",22,61,34,23.4,8.7,1.8,3.4,7,1.5,4.1,5.6,0.9,0.6,1.9
"146","Isaiah Stewart",3277080,6710400,"C",19,68,14,21.4,7.9,0.9,3.3,6,2.3,4.3,6.7,0.6,1.3,1
"147","Isaiah Thomas",276039,552077,"PG",31,3,0,16,7.7,1.7,3,9,0.3,1,1.3,0.3,0,2
"148","Ish Smith",4500000,4500000,"PG",32,44,1,21,6.7,3.9,2.9,6.8,0.5,2.9,3.4,0.7,0.3,0.9
"149","Ja Morant",9603360,21722800,"PG",21,63,63,32.6,19.1,7.4,6.8,15.2,0.9,3.1,4,0.9,0.2,3.2
"150","Jabari Parker",1068288,1168288,"PF",25,13,0,12.7,5.5,0.8,2.3,4.2,0.8,2.5,3.2,0.1,0.4,0.8
"151","Jaden McDaniels",2063280,4224720,"PF",20,63,27,24,6.8,1.1,2.6,5.8,0.8,2.9,3.7,0.6,1,0.7
"152","Jae'Sean Tate",1517981,NA,"SF",25,70,58,29.2,11.3,2.5,4.5,8.9,1.9,3.5,5.3,1.2,0.5,1.4
"153","Jae Crowder",9720900,19904700,"PF",30,60,42,27.5,10.1,2.1,3.3,8.2,0.5,4.2,4.7,0.8,0.5,0.9
"154","Jahmi'us Ramsey",1517981,1517981,"SG",19,13,0,7.2,3.1,0.5,1.2,2.9,0.2,0.6,0.8,0.3,0.1,0.2
"155","Jake Layman",3940184,3940184,"SF",26,45,11,13.9,5.1,0.6,2,4.1,0.3,1.2,1.5,0.6,0.4,0.6
"156","Jakob Poeltl",8750000,18148148,"C",25,69,51,26.7,8.6,1.9,3.8,6.2,3.2,4.8,7.9,0.7,1.8,1.2
"157","Jalen Brunson",1802057,NA,"PG",24,68,12,25,12.6,3.5,4.8,9.2,0.4,3,3.4,0.5,0,1.2
"158","Jalen McDaniels",1782621,NA,"SF",23,47,18,19.2,7.4,1.1,2.8,6,1,2.6,3.6,0.6,0.4,1
"159","Jalen Smith",4458000,4458000,"PF",20,27,1,5.8,2,0.1,0.8,1.9,0.3,1.1,1.4,0,0.2,0.3
"160","Jamal Murray",31590000,140400000,"PG",23,48,48,35.5,21.2,4.8,7.9,16.5,0.8,3.3,4,1.3,0.3,2.3
"161","James Harden",43848000,43848000,"PG-SG",31,44,43,36.6,24.6,10.8,7.8,16.7,0.8,7.1,7.9,1.2,0.8,4
"162","James Johnson",2641691,2641691,"PF",33,51,12,20.5,7.2,1.9,2.9,6.4,0.6,2.8,3.5,0.8,0.8,1.1
"163","JaMychal Green",8292683,1.7e+07,"PF",30,58,5,19.3,8.1,0.9,3,6.4,1.5,3.3,4.8,0.4,0.4,0.9
"164","Jaren Jackson Jr.",9180560,114180560,"C",21,11,4,23.5,14.4,1.1,4.8,11.4,1.5,4.1,5.6,1.1,1.6,1.4
"165","Jarred Vanderbilt",4259259,13800000,"PF",21,64,30,17.8,5.4,1.2,2.2,3.7,1.8,3.9,5.8,1,0.7,0.8
"166","Jarrett Allen",2e+07,1e+08,"C",22,63,45,29.6,12.8,1.7,4.7,7.7,3.1,6.9,10,0.5,1.4,1.6
"167","Jarrett Culver",6395160,6395160,"SG",21,34,7,14.7,5.3,0.7,2,4.9,1,2.1,3.1,0.5,0.3,0.8
"168","JaVale McGee",5e+06,5e+06,"C",33,46,2,14.7,7.3,0.8,3.1,6.1,1.7,3.5,5.2,0.4,1.2,1.3
"169","Javonte Green",1669178,3484855,"SF-SG",27,41,2,11.5,3.6,0.4,1.3,2.5,0.6,1.1,1.7,0.7,0.1,0.5
"170","Jaxson Hayes",5348280,12151292,"C",20,60,3,16.1,7.5,0.6,2.9,4.7,1.5,2.8,4.3,0.4,0.6,0.7
"171","Jaylen Brown",24830357,80008929,"SG",24,58,58,34.5,24.7,3.4,9.3,19.2,1.2,4.8,6,1.2,0.6,2.7
"172","Jaylen Nowell",1782621,NA,"SG",21,42,0,18.1,9,1.5,3.4,8,0.5,1.8,2.3,0.5,0.3,0.7
"173","Jayson Tatum",28103550,125903904,"SF",22,64,64,35.8,26.4,4.3,9.5,20.6,0.8,6.6,7.4,1.2,0.5,2.7
"174","Jeff Green",4500000,4500000,"C",34,68,38,27,11,1.6,3.8,7.8,0.5,3.4,3.9,0.5,0.4,0.8
"175","Jerami Grant",2e+07,40952381,"SF",26,54,54,33.9,22.3,2.8,7.4,17.3,0.6,4,4.6,0.6,1.1,2
"176","Jeremy Lamb",10500000,10500000,"SG",28,36,8,21.3,10.1,1.5,3.3,7.7,0.7,2.9,3.6,0.9,0.6,0.6
"177","Jevon Carter",4107149,457149,"PG",25,60,1,12,4.1,1.2,1.6,3.7,0.3,1.3,1.5,0.5,0.2,0.3
"178","Jevon Carter",4107149,7575000,"PG",25,60,1,12,4.1,1.2,1.6,3.7,0.3,1.3,1.5,0.5,0.2,0.3
"179","Jimmy Butler",36016200,167652137,"SF",31,52,52,33.6,21.5,7.1,7,14.2,1.8,5.1,6.9,2.1,0.3,2.1
"180","Joe Harris",17357143,55928571,"SF",29,69,65,31,14.1,1.9,5.2,10.2,0.6,3,3.6,0.7,0.2,0.9
"181","Joe Ingles",1.4e+07,1.4e+07,"SF",33,67,30,27.9,12.1,4.7,4.1,8.4,0.4,3.2,3.6,0.7,0.2,1.7
"182","Joel Embiid",31579390,206889460,"C",26,51,51,31.1,28.5,2.8,9,17.6,2.2,8.4,10.6,1,1.4,3.1
"183","John Collins",2.3e+07,1.25e+08,"PF",23,63,63,29.3,17.6,1.2,6.8,12.2,1.9,5.5,7.4,0.5,1,1.3
"184","John Konchar",2197674,6906977,"SG",24,43,0,13.4,4.3,1.1,1.6,3.2,0.8,2.2,3,0.7,0.2,0.4
"185","Jordan Clarkson",12420000,25760000,"SG",28,68,1,26.7,18.4,2.5,6.7,15.8,0.7,3.3,4,0.9,0.1,1.7
"186","Jordan McLaughlin",1669178,5453037,"PG",24,51,2,18.4,5,3.8,2,4.7,0.4,1.7,2.1,1,0.1,1
"187","Jordan Nwora",1517981,1517981,"SF",22,30,2,9.1,5.7,0.2,2.1,4.5,0.3,1.7,2,0.5,0.2,0.8
"188","Jordan Poole",2161440,6062839,"SG",21,51,7,19.4,12,1.9,4,9.3,0.3,1.5,1.8,0.5,0.2,1
"189","Josh Green",2957520,6055920,"SG",20,39,5,11.4,2.6,0.7,1.1,2.4,0.7,1.3,2,0.4,0.1,0.4
"190","Josh Hart",1.2e+07,1.2e+07,"SF",25,47,4,28.7,9.2,2.3,3.2,7.3,1.1,6.9,8,0.8,0.3,1
"191","Josh Jackson",5005350,5005350,"SG",23,62,25,25.2,13.4,2.3,4.8,11.4,0.9,3.2,4.1,0.9,0.8,2.3
"192","Josh Okogie",4087904,4087904,"SG",22,59,37,20.3,5.4,1.1,1.7,4.3,1.1,1.6,2.6,0.9,0.5,0.7
"193","Josh Richardson",11615328,23811422,"SG",27,59,56,30.3,12.1,2.6,4.5,10.5,0.9,2.4,3.3,1,0.4,1.3
"194","Jrue Holiday",30133333,97179999,"PG",30,59,56,32.3,17.7,6.1,7,13.9,1.2,3.3,4.5,1.6,0.6,2.2
"195","Juan Toscano-Anderson",1701593,1701593,"SG",27,53,16,20.9,5.7,2.8,2.3,3.9,0.5,3.9,4.4,0.8,0.5,1.2
"196","Julius Randle",19800000,96782400,"PF",26,71,71,37.6,24.1,6,8.5,18.6,1.2,9,10.2,0.9,0.3,3.4
"197","Justin Holiday",6006420,12298860,"SG",31,72,52,30.3,10.5,1.7,3.6,8.7,0.4,3.1,3.6,1,0.6,0.8
"198","Karl-Anthony Towns",31610000,101370000,"C",25,50,50,33.8,24.8,4.5,8.5,17.5,2.7,7.9,10.6,0.8,1.1,3.2
"199","Kawhi Leonard",39344900,127477476,"SF",29,52,52,34.1,24.8,5.2,8.9,17.5,1.1,5.4,6.5,1.6,0.4,2
"200","Keita Bates-Diop",1729217,1729217,"SF",25,30,0,8.2,2.6,0.4,1,2.2,0.3,1.3,1.6,0.4,0.2,0.2
"201","Keldon Johnson",2145720,6018745,"SF",21,69,67,28.5,12.8,1.8,4.9,10.2,1.3,4.6,6,0.6,0.3,1.1
"202","Kelly Olynyk",12195122,2.8e+07,"C-PF",29,70,62,28.5,13.5,2.9,4.8,10,1.2,5.7,7,1.1,0.6,1.8
"203","Kelly Oubre Jr.",1.2e+07,1.7e+07,"SF",25,55,50,30.7,15.4,1.3,5.8,13.2,1.5,4.5,6,1,0.8,1.3
"204","Kendrick Nunn",5e+06,5e+06,"PG",25,56,44,29.5,14.6,2.6,5.7,11.8,0.4,2.8,3.2,0.9,0.3,1.4
"205","Kent Bazemore",2401537,2401537,"SF",31,67,18,19.9,7.2,1.6,2.6,5.9,0.4,3,3.4,1,0.5,1.2
"206","Kentavious Caldwell-Pope",13038862,17926980,"SG",27,67,67,28.4,9.7,1.9,3.3,7.6,0.4,2.3,2.7,0.9,0.4,1
"207","Kenyon Martin Jr.",1517981,NA,"SF",20,45,8,23.7,9.3,1.1,3.6,7.1,1.6,3.8,5.4,0.7,0.9,0.8
"208","Kevin Durant",40918900,229997220,"PF",32,35,32,33.1,26.9,5.6,9.3,17.2,0.4,6.7,7.1,0.7,1.3,3.4
"209","Kevin Huerter",4253357,69253357,"SG",22,69,49,30.8,11.9,3.5,4.6,10.6,0.6,2.8,3.3,1.2,0.3,1.1
"210","Kevin Knox",5845978,5845978,"SF",21,42,0,11,3.9,0.5,1.3,3.4,0.2,1.2,1.5,0.3,0.1,0.4
"211","Kevin Love",31300000,60200000,"PF",32,25,25,24.9,12.2,2.5,4.1,10.1,0.7,6.8,7.4,0.6,0.1,1.5
"212","Kevin Porter Jr.",2130240,5975323,"SG",20,26,23,32.1,16.6,6.3,6,14.1,0.8,3,3.8,0.7,0.3,3.5
"213","Kevon Looney",5178572,5178572,"C",24,61,34,19,4.1,2,1.8,3.2,1.9,3.4,5.3,0.3,0.4,0.6
"214","Khem Birch",6350000,20002750,"C",28,67,22,22.8,7.2,1.3,2.8,5.7,2.6,3.2,5.8,0.7,0.7,0.7
"215","Khris Middleton",35500000,73448276,"SF",29,68,68,33.4,20.4,5.4,7.5,15.8,0.8,5.2,6,1.1,0.1,2.6
"216","Killian Hayes",5572680,11410440,"PG",19,26,18,25.8,6.8,5.3,2.7,7.7,0.2,2.4,2.7,1,0.4,3.2
"217","Killian Tillie",2e+06,4e+06,"C",22,18,1,10.1,3.2,0.4,1.1,3.2,0.3,1,1.3,0.3,0.4,0.1
"218","Kira Lewis Jr.",3822240,7826520,"PG",19,54,0,16.7,6.4,2.3,2.4,6.2,0.2,1.1,1.3,0.7,0.2,0.6
"219","Kyle Anderson",9937150,9937150,"PF",27,69,69,27.3,12.4,3.6,4.5,9.5,0.8,5,5.7,1.2,0.8,1.2
"220","Kyle Kuzma",1.3e+07,2.6e+07,"SF",25,68,32,28.7,12.9,1.9,4.9,11.1,1.6,4.5,6.1,0.5,0.6,1.7
"221","Kyle Lowry",26984128,85000002,"PG",34,46,46,34.8,17.2,7.3,5.7,13,0.8,4.6,5.4,1,0.3,2.7
"222","Kyrie Irving",34916200,34916200,"PG",28,54,54,34.9,26.9,6,10.2,20.1,1,3.8,4.8,1.4,0.7,2.4
"223","KZ Okpala",1782621,1782621,"PF",21,37,9,12.1,2.5,0.5,1,2.6,0.6,1.3,1.8,0.3,0.3,0.4
"224","Lamar Stevens",1517981,NA,"PF",23,40,0,12.5,4.1,0.6,1.6,3.4,0.6,1.8,2.4,0.4,0.3,0.6
"225","LaMarcus Aldridge",2641691,2641691,"C",35,26,23,25.9,13.5,1.9,5.4,11.4,0.7,3.8,4.5,0.4,1.1,1
"226","LaMelo Ball",8231760,16855680,"PG",19,51,31,28.8,15.7,6.1,5.7,13.2,1.2,4.7,5.9,1.6,0.4,2.8
"227","Landry Shamet",3768342,46768342,"SG",23,61,12,23,9.3,1.6,3,7.5,0.2,1.7,1.8,0.5,0.2,0.8
"228","Larry Nance Jr.",10690909,20363636,"PF",28,35,27,31.2,9.3,3.1,3.7,7.8,1.5,5.2,6.7,1.7,0.5,1.6
"229","Lauri Markkanen",15690909,55426362,"PF",23,51,26,25.8,13.6,0.9,4.9,10.2,0.7,4.6,5.3,0.5,0.3,1
"230","LeBron James",41180544,85655532,"PG",36,45,45,33.4,25,7.8,9.4,18.3,0.6,7,7.7,1.1,0.6,3.7
"231","Lonzo Ball",18604651,58604652,"PG",23,55,55,31.8,14.6,5.7,5.3,12.7,0.6,4.2,4.8,1.5,0.6,2.2
"232","Luguentz Dort",1782621,625000,"SG",21,52,52,29.7,14,1.7,4.8,12.3,0.7,2.9,3.6,0.9,0.4,1.5
"233","Luke Kennard",12727273,41236364,"SG",24,63,17,19.6,8.3,1.7,3.1,6.6,0.2,2.3,2.6,0.4,0.1,0.8
"234","Luke Kornet",606702,606702,"C-PF",25,31,2,11.2,3.4,0.8,1.4,3.3,0.5,1.7,2.2,0.1,1,0.2
"235","Malachi Flynn",2048040,4193760,"PG",22,47,14,19.7,7.5,2.9,2.7,7.2,0.2,2.3,2.5,0.8,0.1,0.9
"236","Malcolm Brogdon",21700000,89300000,"PG",28,56,56,34.5,21.2,5.9,7.9,17.5,1,4.2,5.3,0.9,0.3,2.1
"237","Malik Beasley",14391964,29849999,"SG",24,37,36,32.8,19.6,2.4,7.1,16.2,0.8,3.6,4.4,0.8,0.2,1.6
"238","Malik Fitts",231062,402218,"PF",23,3,0,3.7,1,0,0.3,1,0,1,1,0,0,0
"239","Malik Monk",1789256,1789256,"SG",22,42,0,20.9,11.7,2.1,4.1,9.5,0.3,2.1,2.4,0.5,0.1,1.3
"240","Marcus Morris",15627907,49116279,"PF",31,57,29,26.4,13.4,1,4.8,10.2,0.6,3.5,4.1,0.6,0.3,1
"241","Marcus Smart",14339285,90827281,"PG",26,48,45,32.9,13.1,5.7,4.2,10.6,0.8,2.7,3.5,1.5,0.5,2
"242","Markelle Fultz",16500000,3.5e+07,"PG",22,8,8,26.9,12.9,5.4,5.1,13,0.6,2.5,3.1,1,0.3,2.3
"243","Markieff Morris",2641691,2641691,"PF",31,61,27,19.7,6.7,1.2,2.5,6.2,0.8,3.6,4.4,0.4,0.3,0.9
"244","Marquese Chriss",958529,3486820,"PF",23,2,0,13.5,6.5,1,2.5,7,1.5,5,6.5,0,1,1
"245","Marvin Bagley III",11312114,11312114,"PF",21,43,42,25.9,14.1,1,5.7,11.4,2.5,4.9,7.4,0.5,0.5,1.4
"246","Mason Plumlee",8137500,16662500,"C",30,56,56,26.8,10.4,3.6,4.2,6.8,2.6,6.7,9.3,0.8,0.9,1.9
"247","Matisse Thybulle",2840160,7219687,"SG",23,65,8,20,3.9,1,1.6,3.7,0.5,1.4,1.9,1.6,1.1,0.5
"248","Matt Thomas",1669178,1669178,"SG",26,45,0,7.2,3.1,0.4,1.1,2.8,0.2,0.8,1,0.1,0,0.3
"249","Maurice Harkless",4347600,8912580,"PF-SF",27,37,23,20.9,5.2,1.2,1.9,4.5,0.4,2.1,2.4,0.8,0.5,0.6
"250","Max Strus",1669178,1669178,"SF",24,39,0,13,6.1,0.6,2.2,4.8,0.1,0.9,1.1,0.3,0.1,0.2
"251","Maxi Kleber",8750000,8750000,"PF",29,50,40,26.8,7.1,1.4,2.3,5.5,0.9,4.3,5.2,0.5,0.7,0.6
"252","Michael Carter-Williams",3e+06,3e+06,"SG",29,31,25,25.8,8.8,4.2,3.4,8.7,1.3,3.2,4.5,0.8,0.5,2.2
"253","Michael Porter Jr.",5258735,150538735,"SF",22,61,54,31.3,19,1.1,7.3,13.4,1.5,5.8,7.3,0.7,0.9,1.3
"254","Mikal Bridges",5557725,95557725,"SF",24,72,72,32.6,13.5,2.1,5,9.3,1.1,3.2,4.3,1.1,0.9,0.8
"255","Mike Conley",2.1e+07,5.8e+07,"PG",33,51,51,29.4,16.2,6,5.6,12.5,0.7,2.8,3.5,1.4,0.2,1.9
"256","Mike Muscala",3500000,3500000,"C",29,35,0,18.4,9.7,0.8,3.4,7.6,0.5,3.2,3.8,0.2,0.3,0.6
"257","Miles Bridges",5421493,5421493,"PF",22,66,19,29.3,12.7,2.2,4.7,9.4,1.2,4.8,6,0.7,0.8,1.6
"258","Mitchell Robinson",1802057,1802057,"C",22,31,29,27.5,8.3,0.5,3.7,5.7,3.6,4.5,8.1,1.1,1.5,0.8
"259","Miye Oni",850331,850331,"SG",23,54,0,9.6,1.9,0.5,0.6,1.8,0.4,1.1,1.6,0.2,0.1,0.3
"260","Mo Bamba",7568742,7568742,"C",22,46,5,15.8,8,0.8,3.1,6.5,1.7,4.1,5.8,0.3,1.3,0.8
"261","Monte Morris",8333333,2.7e+07,"PG",25,47,13,25.4,10.2,3.2,4,8.2,0.2,1.8,2,0.7,0.3,0.7
"262","Montrezl Harrell",9720900,9720900,"C",27,69,1,22.9,13.5,1.1,5.4,8.7,2.3,3.9,6.2,0.7,0.7,1.1
"263","Moses Brown",1720779,1701593,"C",21,43,32,21.4,8.6,0.2,3.4,6.2,3.6,5.3,8.9,0.7,1.1,1
"264","Myles Turner",1.8e+07,3.6e+07,"C",24,47,47,31,12.6,1,4.4,9.2,1.3,5.2,6.5,0.9,3.4,1.4
"265","Naji Marshall",1517981,1517981,"SF",23,32,10,21.9,7.7,2.8,2.6,6.5,0.5,4.2,4.6,0.8,0.3,1.2
"266","Nassir Little",2316240,6487788,"PF",20,48,2,13.3,4.6,0.5,1.6,3.5,0.7,2,2.7,0.1,0.3,0.4
"267","Naz Reid",1782621,NA,"C",21,70,15,19.2,11.2,1,4.3,8.3,1.2,3.4,4.6,0.5,1.1,1
"268","Nemanja Bjelica",2089448,2089448,"PF",32,37,3,16.1,6.5,1.9,2.4,5.3,0.8,2.6,3.4,0.4,0.1,0.9
"269","Nerlens Noel",8800000,18040000,"C",26,64,41,24.2,5.1,0.7,2.1,3.5,2.2,4.2,6.4,1.1,2.2,1
"270","Nic Claxton",1782621,1782621,"C",21,32,1,18.6,6.6,0.9,2.8,4.5,1.3,3.8,5.2,0.7,1.3,0.6
"271","Nick Richards",1517981,1517981,"PF",23,18,0,3.5,0.8,0.1,0.2,0.5,0.2,0.4,0.6,0,0,0.2
"272","Nickeil Alexander-Walker",3261480,8271113,"SG",22,46,13,21.9,11,2.2,4.2,10,0.3,2.8,3.1,1,0.5,1.5
"273","Nicolas Batum",12213507,3170029,"SF",32,67,38,27.4,8.1,2.2,2.9,6.1,0.7,4,4.7,1,0.6,0.8
"274","Nicolas Batum",12213507,18086956,"SF",32,67,38,27.4,8.1,2.2,2.9,6.1,0.7,4,4.7,1,0.6,0.8
"275","Norman Powell",15517242,9e+07,"SG-SF",27,69,58,32,18.6,1.9,6.3,13.3,0.6,2.5,3.1,1.2,0.3,1.7
"276","Obi Toppin",5105160,10453440,"PF",22,62,0,11,4.1,0.5,1.7,3.4,0.4,1.8,2.2,0.3,0.2,0.4
"277","OG Anunoby",16071429,52071429,"SF",23,43,43,33.3,15.9,2.2,5.8,12.1,1.3,4.3,5.5,1.5,0.7,1.7
"278","Onyeka Okongwu",6104280,12499440,"C",20,50,4,12,4.6,0.4,1.9,3,1.2,2,3.3,0.5,0.7,0.6
"279","Oshae Brissett",1701593,NA,"SF",22,21,16,24.7,10.9,0.9,3.5,7.2,1.4,4.1,5.5,0.9,1,0.5
"280","Otto Porter Jr.",2389641,2389641,"SF-PF",27,28,6,21.6,9.7,2,3.5,8.1,1,4.4,5.4,0.6,0.1,0.9
"281","P.J. Tucker",7e+06,7e+06,"PF",35,52,33,26.1,3.7,1.2,1.3,3.4,1,2.9,3.9,0.8,0.4,0.8
"282","Pascal Siakam",31320000,100920000,"PF",26,56,56,35.8,21.4,4.5,7.8,17.2,1.7,5.5,7.2,1.1,0.7,2.3
"283","Pat Connaughton",5333333,5333333,"SG",28,69,4,22.8,6.8,1.2,2.4,5.6,0.9,3.9,4.8,0.7,0.3,0.5
"284","Patrick Beverley",14320988,27320988,"PG",32,37,34,22.5,7.5,2.1,2.5,5.9,0.8,2.4,3.2,0.8,0.8,0.9
"285","Patty Mills",5890000,5890000,"PG",32,68,1,24.8,10.8,2.4,3.7,9,0.3,1.4,1.7,0.6,0,1
"286","Paul George",39344970,127477703,"SF",30,54,54,33.7,23.3,5.2,8.2,17.6,0.8,5.8,6.6,1.1,0.4,3.3
"287","Paul Millsap",2641691,2641691,"PF",35,56,36,20.8,9,1.8,3.4,7.2,1.4,3.3,4.7,0.9,0.6,0.9
"288","Paul Reed",1517981,NA,"PF",21,26,0,6.8,3.4,0.5,1.6,3,1.2,1.2,2.3,0.4,0.5,0.5
"289","Payton Pritchard",2137440,4376640,"SG",23,66,4,19.2,7.7,1.8,2.8,6.3,0.5,1.9,2.4,0.6,0.1,0.8
"290","PJ Dozier",1910860,1910860,"SG",24,50,6,21.8,7.7,1.8,3,7.1,0.7,2.9,3.6,0.6,0.4,0.9
"291","Precious Achiuwa",2711280,5551440,"PF",21,61,4,12.1,5,0.5,2,3.7,1.2,2.2,3.4,0.3,0.5,0.7
"292","R.J. Hampton",2303040,4715880,"SG-PG",19,51,1,17.4,6.9,1.7,2.7,6.1,0.6,2.9,3.5,0.4,0.2,1
"293","Rajon Rondo",2641691,4858309,"PG",34,45,3,17.1,5.4,4.4,2.1,4.8,0.4,2,2.4,0.8,0.1,1.8
"294","Rajon Rondo",2641691,2641691,"PG",34,45,3,17.1,5.4,4.4,2.1,4.8,0.4,2,2.4,0.8,0.1,1.8
"295","Raul Neto",2089448,2089448,"PG",28,64,22,21.9,8.7,2.3,3.3,7,0.4,2,2.4,1.1,0.1,0.8
"296","Reggie Bullock",9536000,2.5e+07,"SF",29,65,64,30,10.9,1.5,3.8,8.6,0.2,3.2,3.4,0.8,0.2,0.7
"297","Reggie Jackson",10384500,21599760,"SG",30,67,43,23,10.7,3.1,3.9,8.7,0.4,2.5,2.9,0.6,0.1,1.1
"298","Richaun Holmes",10384500,33645780,"C",27,61,61,29.2,14.2,1.7,6,9.4,2.4,5.9,8.3,0.6,1.6,1.2
"299","Ricky Rubio",17809524,17809524,"PG",30,68,51,26.1,8.6,6.4,2.8,7.3,0.4,2.9,3.3,1.4,0.1,1.6
"300","RJ Barrett",8623920,19524555,"SG",20,72,72,34.9,17.6,3,6.5,14.7,0.9,4.8,5.8,0.7,0.3,1.9
"301","Robert Covington",12975471,12975471,"PF",30,70,70,32,8.5,1.7,2.9,7.3,0.9,5.8,6.7,1.4,1.2,0.9
"302","Robin Lopez",5e+06,5e+06,"C",32,71,9,19.1,9,0.8,3.8,6,2,1.8,3.8,0.2,0.6,1.1
"303","Rodney Hood",2239544,2239544,"SF",28,55,5,17.1,4.5,1,1.7,4.7,0.4,1.5,1.9,0.4,0.1,0.7
"304","Rodney McGruder",1939350,1939350,"SG",29,16,2,12.1,5.7,1,2.3,4.4,0.5,0.9,1.4,0.5,0.1,0.4
"305","Romeo Langford",3804360,9438617,"SG",21,18,4,15.7,3.1,0.7,1.2,3.3,0.7,1.3,1.9,0.3,0.3,0.6
"306","Royce O'Neale",8678571,27964286,"SF",27,71,71,31.6,7,2.5,2.5,5.5,1.2,5.6,6.8,0.8,0.5,1.2
"307","Rudy Gay",5890000,12074500,"PF",34,63,1,21.6,11.4,1.4,4.2,10,0.7,4.1,4.8,0.7,0.6,1
"308","Rudy Gobert",35344828,158344829,"C",28,71,71,30.8,14.3,1.3,5.5,8.2,3.4,10.1,13.5,0.6,2.7,1.7
"309","Rui Hachimura",4916160,11179348,"PF",22,57,57,31.5,13.8,1.4,5.4,11.4,0.9,4.6,5.5,0.8,0.1,1.2
"310","Ryan Arcidiacono",586136,791798,"PG",26,44,0,10.2,3.1,1.3,1.1,2.7,0.1,1.4,1.5,0.2,0,0.2
"311","Saben Lee",1489065,3241703,"PG",21,48,7,16.3,5.6,3.6,2.1,4.4,0.4,1.6,2,0.7,0.3,1.1
"312","Saddiq Bey",2824320,5783400,"SF",21,70,53,27.3,12.2,1.4,4,9.9,0.6,3.9,4.5,0.7,0.2,0.9
"313","Sam Merrill",663024,663024,"SG",24,30,2,7.8,3,0.7,1.1,2.4,0.2,0.8,1,0.3,0,0.3
"314","Semi Ojeleye",1789256,1789256,"PF",26,56,15,17,4.6,0.7,1.6,3.9,0.6,2.1,2.6,0.3,0,0.4
"315","Serge Ibaka",9742000,9742000,"C",31,41,39,23.3,11.1,1.8,4.5,8.9,1.8,4.9,6.7,0.2,1.1,1.1
"316","Seth Curry",8186047,16744187,"SG",30,57,57,28.7,12.5,2.7,4.5,9.7,0.2,2.2,2.4,0.8,0.1,1.1
"317","Shai Gilgeous-Alexander",5495532,178045532,"SG",22,35,35,33.7,23.7,5.9,8.2,16.1,0.5,4.2,4.7,0.8,0.7,3
"318","Shake Milton",1846738,1846738,"SG",24,63,4,23.2,13,3.1,4.8,10.6,0.5,1.8,2.3,0.6,0.3,1.6
"319","Solomon Hill",2389641,2389641,"PF",29,71,16,21.3,4.5,1.1,1.5,4.2,0.6,2.4,3,0.7,0.2,0.6
"320","Spencer Dinwiddie",17142857,45142857,"SG",27,3,3,21.3,6.7,3,2,5.3,0,4.3,4.3,0.7,0.3,1.7
"321","Stanley Johnson",888616,1248865,"PF",24,61,13,16.5,4.4,1.5,1.5,3.8,0.5,2,2.5,0.9,0.3,0.9
"322","Stephen Curry",45780966,261134628,"PG",32,63,63,34.2,32,5.8,10.4,21.7,0.5,5,5.5,1.2,0.1,3.4
"323","Sterling Brown",3e+06,6e+06,"SG",25,51,14,24.1,8.2,1.4,2.9,6.6,0.7,3.6,4.4,0.7,0.2,0.8
"324","Steven Adams",17073171,3.5e+07,"C",27,58,58,27.7,7.6,1.9,3.3,5.3,3.7,5.2,8.9,0.9,0.7,1.3
"325","Svi Mykhailiuk",1729217,1729217,"SF-SG",23,66,14,20.1,8.5,1.7,3.2,7.7,0.4,2.1,2.5,0.8,0.2,1.3
"326","T.J. McConnell",7500000,29300000,"PG",28,69,3,26,8.6,6.6,4,7.1,0.8,2.9,3.7,1.9,0.3,2
"327","Taj Gibson",4910000,4910000,"C",35,45,3,20.8,5.4,0.8,2.2,3.5,2.2,3.4,5.6,0.7,1.1,0.5
"328","Talen Horton-Tucker",9500000,19760000,"SG",20,65,4,20.1,9,2.8,3.4,7.5,0.4,2.2,2.6,1,0.3,1.6
"329","Taurean Prince",15057692,15057692,"PF",26,41,10,22.1,9.5,1.9,3.2,8,0.5,3,3.5,0.7,0.6,1.1
"330","Terance Mann",1782621,25713302,"SG",24,67,10,18.9,7,1.6,2.7,5.2,0.8,2.8,3.6,0.4,0.2,0.6
"331","Terence Davis",4e+06,8e+06,"SG",23,61,4,17.6,8.7,1.4,3.2,7.5,0.3,2.2,2.5,0.7,0.2,1
"332","Terrence Ross",12500000,2.4e+07,"SG",29,46,2,29.3,15.6,2.3,5.5,13.4,0.3,3.1,3.4,1,0.5,1.6
"333","Terry Rozier",17905263,114163957,"SG",26,69,69,34.5,20.4,4.2,7.4,16.4,0.7,3.7,4.4,1.3,0.4,1.9
"334","Thanasis Antetokounmpo",1729217,1729217,"SF",28,57,3,9.7,2.9,0.8,1.2,2.4,0.9,1.2,2.2,0.4,0.2,0.8
"335","Thomas Bryant",8730159,8730159,"C",23,10,10,27.1,14.3,1.5,5.9,9.1,1.8,4.3,6.1,0.4,0.8,1.1
"336","Tim Hardaway Jr.",21306816,7.5e+07,"SG",28,70,31,28.4,16.6,1.8,5.8,13,0.3,3,3.3,0.4,0.2,0.9
"337","Tobias Harris",3.6e+07,115448276,"PF",28,62,62,32.5,19.5,3.5,7.6,14.9,1,5.8,6.8,0.9,0.8,1.7
"338","Tony Bradley",1789256,1789256,"C",23,42,8,16.3,7.1,0.9,3.1,4.7,2,3.7,5.7,0.4,0.7,0.8
"339","Tony Snell",2389641,2389641,"SG",29,47,23,21.1,5.3,1.3,1.9,3.6,0.4,2,2.4,0.3,0.2,0.4
"340","Torrey Craig",4878049,1e+07,"SF",30,50,8,16.1,5.5,1,2.2,4.5,1.1,2.8,3.9,0.6,0.5,0.5
"341","Tre Jones",1517981,1517981,"PG",21,37,1,7.3,2.5,1.1,1,2.1,0.2,0.4,0.6,0.2,0,0.4
"342","Trevor Ariza",2641691,2641691,"SF",35,30,27,28,9.4,1.8,3.3,8,0.9,3.9,4.8,1,0.6,0.7
"343","Trey Burke",3333333,3333333,"PG",28,62,1,14.7,6.6,1.3,2.4,5.7,0.2,0.7,0.9,0.6,0.1,0.5
"344","Trey Lyles",2500000,2500000,"PF",25,23,9,15.6,5,0.6,1.9,3.9,0.4,3.3,3.7,0.3,0,0.3
"345","Tristan Thompson",10720900,1e+06,"PF",29,54,43,23.8,7.6,1.2,3.1,6,3.1,5,8.1,0.4,0.6,1.1
"346","Tristan Thompson",10720900,9720900,"PF",29,54,43,23.8,7.6,1.2,3.1,6,3.1,5,8.1,0.4,0.6,1.1
"347","Troy Brown Jr.",5170564,5170564,"SF",21,34,0,15.4,4.7,0.9,1.8,4.2,0.6,2.5,3.1,0.3,0.2,0.6
"348","Ty Jerome",2412840,6632897,"SG",23,33,1,23.9,10.7,3.6,3.9,8.7,0.3,2.5,2.8,0.6,0.2,1.4
"349","Tyler Herro",4004280,9726396,"SG",21,54,15,30.3,15.1,3.4,5.7,12.9,0.5,4.5,5,0.6,0.3,1.9
"350","Tyrell Terry",1517981,3300602,"PG",20,11,0,5.1,1,0.5,0.5,1.5,0,0.5,0.5,0.5,0,0.2
"351","Tyrese Haliburton",4023600,8238720,"PG",20,58,20,30.1,13,5.3,5,10.7,0.7,2.3,3,1.3,0.5,1.6
"352","Tyrese Maxey",2602920,5329800,"SG",20,61,8,15.3,8,2,3.2,7,0.2,1.5,1.7,0.4,0.2,0.7
"353","Tyus Jones",7522200,7522200,"PG",24,70,9,17.5,6.3,3.7,2.5,5.9,0.3,1.7,2,0.9,0.1,0.7
"354","Udoka Azubuike",2075880,4250760,"C",21,15,0,3.8,1.1,0,0.3,0.6,0.3,0.6,0.9,0.1,0.3,0.2
"355","Udonis Haslem",2641691,2641691,"C",40,1,0,3,4,0,2,2,0,1,1,0,0,0
"356","Vernon Carey Jr.",1517981,3300602,"C",19,19,4,6.1,2.4,0.1,0.9,1.9,0.3,1.1,1.4,0.1,0.3,0.3
"357","Victor Oladipo",2389641,2389641,"SG",28,33,33,32.7,19.8,4.6,7.1,17.5,0.4,4.5,4.8,1.4,0.4,2.5
"358","Wayne Ellington",2641691,2641691,"SG",33,46,31,22,9.6,1.5,3.2,7.3,0.3,1.6,1.8,0.4,0.2,0.7
"359","Wendell Carter Jr.",6920027,5e+07,"C",21,54,44,25.5,11.2,1.9,4.3,8.5,2.4,5.8,8.2,0.6,0.8,1.4
"360","Wesley Matthews",1958501,NA,"SG",34,58,10,19.5,4.8,0.9,1.5,4.3,0.3,1.3,1.6,0.7,0.3,0.4
"361","Will Barton",15384615,3.2e+07,"SF",30,56,52,31,12.7,3.2,4.6,10.9,0.7,3.3,4,0.9,0.4,1.7
"362","Xavier Tillman Sr.",1517981,3300602,"PF",22,59,12,18.4,6.6,1.3,2.8,5.1,1.3,3.1,4.3,0.7,0.6,0.8
"363","Zach LaVine",19500000,19500000,"SG",25,58,58,35.1,27.4,4.9,9.8,19.4,0.6,4.4,5,0.8,0.5,3.5
"364","Zeke Nnaji",2498760,5116560,"PF",20,42,1,9.5,3.2,0.2,1.2,2.5,0.3,1.2,1.5,0.2,0.1,0.2
